Molosiwa_SSR1,VsSSR01,unspecified,unspecified,odireleng.molosiwa@gmail.com,none,razlin.azman@cffresearch.org,21/07/2014,"UoN PhD project Odireleng Molosiwa, supervised by Sean Mayes",Sean.mayes@cffresearch.org,prepublication,razlin.azman@cffresearch.org
Molosiwa_SSR1,VsSSR07,unspecified,unspecified,odireleng.molosiwa@gmail.com,none,razlin.azman@cffresearch.org,21/07/2014,"UoN PhD project Odireleng Molosiwa, supervised by Sean Mayes",Sean.mayes@cffresearch.org,prepublication,razlin.azman@cffresearch.org
Molosiwa_SSR1,VsSSR10,unspecified,unspecified,odireleng.molosiwa@gmail.com,none,razlin.azman@cffresearch.org,21/07/2014,"UoN PhD project Odireleng Molosiwa, supervised by Sean Mayes",Sean.mayes@cffresearch.org,prepublication,razlin.azman@cffresearch.org
Molosiwa_SSR1,VsSSR15,unspecified,unspecified,odireleng.molosiwa@gmail.com,none,razlin.azman@cffresearch.org,21/07/2014,"UoN PhD project Odireleng Molosiwa, supervised by Sean Mayes",Sean.mayes@cffresearch.org,prepublication,razlin.azman@cffresearch.org
Molosiwa_SSR1,VsSSR16,unspecified,unspecified,odireleng.molosiwa@gmail.com,none,razlin.azman@cffresearch.org,21/07/2014,"UoN PhD project Odireleng Molosiwa, supervised by Sean Mayes",Sean.mayes@cffresearch.org,prepublication,razlin.azman@cffresearch.org
Molosiwa_SSR1,VsSSR19,unspecified,unspecified,odireleng.molosiwa@gmail.com,none,razlin.azman@cffresearch.org,21/07/2014,"UoN PhD project Odireleng Molosiwa, supervised by Sean Mayes",Sean.mayes@cffresearch.org,prepublication,razlin.azman@cffresearch.org
Molosiwa_SSR1,VsSSR21,unspecified,unspecified,odireleng.molosiwa@gmail.com,none,razlin.azman@cffresearch.org,21/07/2014,"UoN PhD project Odireleng Molosiwa, supervised by Sean Mayes",Sean.mayes@cffresearch.org,prepublication,razlin.azman@cffresearch.org
Molosiwa_SSR1,VsSSR23,unspecified,unspecified,odireleng.molosiwa@gmail.com,none,razlin.azman@cffresearch.org,21/07/2014,"UoN PhD project Odireleng Molosiwa, supervised by Sean Mayes",Sean.mayes@cffresearch.org,prepublication,razlin.azman@cffresearch.org
Molosiwa_SSR1,VsSSR30,unspecified,unspecified,odireleng.molosiwa@gmail.com,none,razlin.azman@cffresearch.org,21/07/2014,"UoN PhD project Odireleng Molosiwa, supervised by Sean Mayes",Sean.mayes@cffresearch.org,prepublication,razlin.azman@cffresearch.org
Molosiwa_SSR1,VsSSR31,unspecified,unspecified,odireleng.molosiwa@gmail.com,none,razlin.azman@cffresearch.org,21/07/2014,"UoN PhD project Odireleng Molosiwa, supervised by Sean Mayes",Sean.mayes@cffresearch.org,prepublication,razlin.azman@cffresearch.org
Molosiwa_SSR1,VsSSR32,unspecified,unspecified,odireleng.molosiwa@gmail.com,none,razlin.azman@cffresearch.org,21/07/2014,"UoN PhD project Odireleng Molosiwa, supervised by Sean Mayes",Sean.mayes@cffresearch.org,prepublication,razlin.azman@cffresearch.org
Molosiwa_SSR1,VsSSR33,unspecified,unspecified,odireleng.molosiwa@gmail.com,none,razlin.azman@cffresearch.org,21/07/2014,"UoN PhD project Odireleng Molosiwa, supervised by Sean Mayes",Sean.mayes@cffresearch.org,prepublication,razlin.azman@cffresearch.org
Molosiwa_SSR1,VsSSR37,unspecified,unspecified,odireleng.molosiwa@gmail.com,none,razlin.azman@cffresearch.org,21/07/2014,"UoN PhD project Odireleng Molosiwa, supervised by Sean Mayes",Sean.mayes@cffresearch.org,prepublication,razlin.azman@cffresearch.org
Molosiwa_SSR1,VsSSR44,unspecified,unspecified,odireleng.molosiwa@gmail.com,none,razlin.azman@cffresearch.org,21/07/2014,"UoN PhD project Odireleng Molosiwa, supervised by Sean Mayes",Sean.mayes@cffresearch.org,prepublication,razlin.azman@cffresearch.org
Molosiwa_SSR1,VsSSR80,unspecified,unspecified,odireleng.molosiwa@gmail.com,none,razlin.azman@cffresearch.org,21/07/2014,"UoN PhD project Odireleng Molosiwa, supervised by Sean Mayes",Sean.mayes@cffresearch.org,prepublication,razlin.azman@cffresearch.org
Molosiwa_SSR1,VsSSRD8,unspecified,unspecified,odireleng.molosiwa@gmail.com,none,razlin.azman@cffresearch.org,21/07/2014,"UoN PhD project Odireleng Molosiwa, supervised by Sean Mayes",Sean.mayes@cffresearch.org,prepublication,razlin.azman@cffresearch.org
Molosiwa_SSR1,VsSSRD11,unspecified,unspecified,odireleng.molosiwa@gmail.com,none,razlin.azman@cffresearch.org,21/07/2014,"UoN PhD project Odireleng Molosiwa, supervised by Sean Mayes",Sean.mayes@cffresearch.org,prepublication,razlin.azman@cffresearch.org
Molosiwa_SSR1,VsSSRD14,unspecified,unspecified,odireleng.molosiwa@gmail.com,none,razlin.azman@cffresearch.org,21/07/2014,"UoN PhD project Odireleng Molosiwa, supervised by Sean Mayes",Sean.mayes@cffresearch.org,prepublication,razlin.azman@cffresearch.org
Molosiwa_SSR1,VsSSRD15,unspecified,unspecified,odireleng.molosiwa@gmail.com,none,razlin.azman@cffresearch.org,21/07/2014,"UoN PhD project Odireleng Molosiwa, supervised by Sean Mayes",Sean.mayes@cffresearch.org,prepublication,razlin.azman@cffresearch.org
Molosiwa_SSR1,VsSSRE7,unspecified,unspecified,odireleng.molosiwa@gmail.com,none,razlin.azman@cffresearch.org,21/07/2014,"UoN PhD project Odireleng Molosiwa, supervised by Sean Mayes",Sean.mayes@cffresearch.org,prepublication,razlin.azman@cffresearch.org
